Ttile,Description,Date,Image IRL,Image IRL Src
Sports,"Banned former Raptor to plead guilty in gambling case, court records show",5:57 AM GMT+3,https://www.reuters.com/sports/basketball/banned-former-raptor-faces-felony-gambling-case-court-filing-shows-2024-07-03/,https://cloudfront-us-east-2.images.arcpublishing.com/reuters/RZM6JYB4JVOJ5EQLKL2QFNNWD4.jpg
Legal,Column: DraftKings digital trading cards are securities - Boston judge,"July 3, 2024",https://www.reuters.com/legal/transactional/column-draftkings-digital-trading-cards-are-securities-boston-judge-2024-07-03/,https://cloudfront-us-east-2.images.arcpublishing.com/reuters/JLAXCKR7BBNUPC2L65OQLLKLDM.jpg
Sports,Kemba Walker named to Hornets coaching staff,"July 3, 2024",https://www.reuters.com/sports/kemba-walker-named-hornets-coaching-staff-2024-07-03/,https://cloudfront-us-east-2.images.arcpublishing.com/reuters/CKV6BMD76NKTLN2FJWN6KLQRFQ.jpg
Sports,"Report: Lakers hiring assistants Scott Brooks, Nate McMillan","July 3, 2024",https://www.reuters.com/sports/report-lakers-hiring-assistants-scott-brooks-nate-mcmillan-2024-07-03/,https://cloudfront-us-east-2.images.arcpublishing.com/reuters/5A5DY63RS5KRZKYVHGNZGOZRVY.jpg
Sports,James signs two-year deal to stick with Lakers - reports,"July 3, 2024",https://www.reuters.com/sports/basketball/james-signs-two-year-deal-stick-with-lakers-reports-2024-07-03/,https://cloudfront-us-east-2.images.arcpublishing.com/reuters/3MJFCBY3ARPHRP6KNW6AVQWRKY.jpg
Sports,Reports: LeBron James to sign $104M deal with Lakers,"July 3, 2024",https://www.reuters.com/sports/reports-lebron-james-sign-104m-deal-with-lakers-2024-07-03/,https://cloudfront-us-east-2.images.arcpublishing.com/reuters/5R4SE47YK5OZNCQA5SCX2HLOYY.jpg
Sports,Report: Warriors acquire Wolves F Kyle Anderson in sign-and-trade,"July 3, 2024",https://www.reuters.com/sports/report-warriors-acquire-wolves-f-kyle-anderson-sign-and-trade-2024-07-03/,https://cloudfront-us-east-2.images.arcpublishing.com/reuters/FSBLOEVT3JP3RPHKP4R2LAPGYQ.jpg
Sports,Stephen Curry says farewell to Klay Thompson: ‘Splash Bros 4 life’,"July 3, 2024",https://www.reuters.com/sports/stephen-curry-says-farewell-klay-thompson-splash-bros-4-life-2024-07-02/,https://cloudfront-us-east-2.images.arcpublishing.com/reuters/PBY4S36VQFKQ7NCZMBXQZPMHNE.jpg
Sports,Bronny James says he can deal with pressure of playing with dad LeBron,"July 2, 2024",,
Sports,Lakers' JJ Redick introduces Bronny James: 'We did not give Bronny anything',"July 2, 2024",,
Sports,4-time NBA All-Star Kemba Walker retires,"July 2, 2024",,
Breakingviews,Good luck finding a new Boston Celtics pot of gold,"July 2, 2024",,
Sports,"Reports: Cavs keep Donovan Mitchell with 3-year, $150.3M deal","July 2, 2024",,
Sports,"NBA free agency roundup: Klay Thompson to Mavs, Paul George to 76ers","July 2, 2024",,
Sports,Boston Celtics owners put championship winning team up for sale,"July 2, 2024",,
Sports,Reports: Celtics giving Jayson Tatum record-breaking $314M deal,"July 2, 2024",,
Sports,"Reports: Klay Thompson to Mavs, ending run with Warriors","July 2, 2024",,
Sports,Report: 76ers G Tyrese Maxey lands $204M extension,"July 1, 2024",,
Sports,Report: Celtics available for purchase after title,"July 1, 2024",,
Sports,Report: Celtics G Derrick White lands $126M extension,"July 1, 2024",,
